종목이름,기사제목
쌍방울,"[특징주] 쌍방울, 쌍용차 최종 인수자 앞두고 상승"
쌍방울,"쌍방울, 장마철 속옷 키워드는 '흡습속건·냉감'"
쌍방울,"쌍방울, 주가 상승…쌍용차 인수전 2라운드 'D-1'"
쌍방울,"[단독] 쌍방울, KG보다 400억원 이상 더 써냈다"
쌍방울,"미래산업, 주가 하락세…쌍방울그룹, 쌍용자 인수자금 얼마 제시할까?"
쌍방울,[주식시황] 쌍용차 인수 관련주 쌍방울 주가 2% 상승...본입찰 이틀 전 이목 ...
쌍방울,"쌍방울, 장마철 속옷 키워드 '흡습속건·냉감'"
쌍방울,"쌍방울, 여름 장마철 언더웨어 제안"
쌍방울,"쌍방울, 냉감 기능성 언더웨어 '쿨루션' 제안"
쌍방울,"[특징주] '막판 뒤집기?' 쌍방울·광림, 450억원 상회 입찰 소식에 주가 반등"
쌍방울,"비비안, 주가 하락…쌍방울그룹, 쌍용자 인수액 얼마 써낼까?"
쌍방울,"쌍방울, 장마철 속옷 키워드는 '흡습속건·냉감'"
쌍방울,"[아주경제 오늘의 뉴스 종합] 쌍방울, KG보다 400억원 이상 더 써냈다 外"
쌍방울,"[종합]쌍방울·KG 그룹 쌍용차 인수 일정 준비, 누가 웃을까"
쌍방울,"하루 계약 1만2000대…‘토레스’, 쌍용차 부활 이끌까?"
쌍방울,"메이슨캐피탈, 쌍용차 인수 잘 못하면 쌍방울그룹에 밀린다"
쌍방울,"쌍방울, 주가 상승세 기록…쌍용차 인수, 결론 어떻게 날까?"
쌍방울,쌍용차 공개 입찰 절차 속 쌍방울-KG 인수 후보 현상황은?
쌍방울,"KG vs 쌍방울, 쌍용차 인수 '2라운드' 돌입…키는 '자금 증빙'"
쌍방울,[로펌의기술](67) 쌍용차 매각 장애물 ‘에디슨·광림’ 가처분 방어… 속도전...
쌍방울,"쌍방울, 주가 하락세 보여…쌍용차 인수, 억울해도 다시 일어난다"
쌍방울,"[특징주] 쌍방울, 인수제안서 마감 이틀 앞두고 하락세"
쌍방울,"쌍방울, 주가 3일만에 '반등'…무슨일?"
쌍방울,"쌍방울, 주가 하락…쌍용차 인수자금 조달 소식 언제 들릴까?"
쌍방울,[주식시황] KG그룹 관련주 KG스틸 주가 소폭 상승...쌍용차 인수에 쌍방울보다...
쌍방울,"[특징주] 쌍방울, 쌍용차 인수 기대감 진정됐나 '주가 하락'"
쌍방울,쌍용차 인수 후보 추가에 쌍방울-광림 주가 운명은?
쌍방울,"이틀 앞으로 다가온 쌍용차 M&A 2라운드, 핵심은 `자금증빙'과 `인수의지'"
쌍방울,삼미 슈퍼스타즈·쌍방울도 못해본 흑역사를 쓴 한화 이글스
쌍방울,"KG ETS, 쌍용차 인수전 최선을 다해야…주가 내림세 마쳐"
쌍방울,"쌍용차, 인수 앞두고 '토레스' 열풍에 쌍방울-광림 주가 '들썩?'"
쌍방울,"KG케미칼, 쌍용차 인수 위기감 가져야…주가 하락세 보여"
쌍방울,"KG이니시스, 쌍용차 인수 최후까지 지켜봐야…주가 약세 기록"
쌍방울,장마철 속옷 키워드는 “흡습속건” ”냉감”
쌍방울,인기몰이 ‘토레스 효과’…쌍용차 몸값 4000억 넘길 수도
쌍방울,"광림, 주가 내림세…쌍용차 인수에 더 많은 돈 제시했지만"
쌍방울,"KG모빌리언스, 주가 약세…쌍용차 인수 긴장 풀면 밀려날 수도"
쌍방울,"KG스틸, 주가 상승세 지켜내…쌍용차 인수전 긴장의 끈 놓지 말아야"
쌍방울,[종합]쌍방울-KG 그룹 쌍용차 인수 치열한 맞대결
쌍방울,"쌍방울, 쌍용차 인수 재도전...KG 꺾을 수 있을까?"
쌍방울,"[쌍용차 인수] 쌍방울, 광림 주가 희비 엇갈려..남은 일정은 어떻게?"
쌍방울,"미래산업, 주가 상승세 지속…쌍용차 인수, 이번 달이 분수령"
쌍방울,"쌍용차 인수전, '토레스' 효과에 몸값 들썩…후속 파생모델 급물살"
쌍방울,[주가 마감 시황] 쌍용차 인수 관련주 동반 내림세에 KG스틸만 웃었다
쌍방울,"쌍방울, 주가 4% 이상 하락…쌍용차 인수, 사우디 기업까지 가세"
쌍방울,"광림, 주가 상승세 못 지켜…무슨 일 있었나?"
쌍방울,장마철 속옷 키워드는 '흡습속건·냉감'
쌍방울,"[특징주] SBW생명과학 주가, 오름세에 배경이 쌍용차 인수?"
쌍방울,"KG ETS, 주가 약세 기록…쌍용차 인수 무슨 일 생겼나?"
쌍방울,"KG이니시스, 주가 오름세 지켜내…무슨 이유 있을까?"
쌍방울,쌍용차 인수제안서 마감 D-7… 쌍방울 '분주'?KG '진정성'
쌍방울,"[특징주] 쌍방울, 쌍용차 최종 인수자 선정 앞두고 하락"
쌍방울,"메이슨캐피탈, 주가 약세…쌍용차 인수, 조정국면 돌입했나?"
쌍방울,[오늘 주가마감 / 코스피] 거래상위 Top5- KODEX 200선물인버스2X·삼성 인버...
쌍방울,"KG스틸, 주가 5% 넘게 뛰어…쌍용차 인수, 유리한 국면 왔나?"
쌍방울,'토레스 대흥행' 쌍용차 인수전 영향 끼칠까
쌍방울,"KG스틸우, 주가 11% 넘게 상승…쌍용차 인수 협력자들 나타나"
쌍방울,"KG케미칼, 상승세 지켜내…쌍용차 인수, 성공 가능성 높아질까?"
쌍방울,"비비안, 주가 상승세 보여…쌍용차 인수, 자금문제 해결됐나?"
쌍방울,"비비안, 주가 하락…쌍방울그룹, 대형투자자 누구일까?"
쌍방울,"쌍방울, 외인 사자에도 주가 2일 연속 '하락'"
쌍방울,"[주식 시황] 쌍용치 인수 관련주 쌍방울·광림, KG그룹보다 더 많은 금액 제시..."
쌍방울,"KG모빌리언스, 주가 소폭 상승…쌍용차 인수전, KG그룹에게 유리해졌나?"
쌍방울,"'토레스 돌풍' 쌍용차 인수, 남은 일정과 막판 변수 어떻게 되나"
쌍방울,쌍방울 주가 11% 이상 하락…쌍용차는 누구 품으로?
쌍방울,&토레스는 우리 것&…쌍용차 인수전 후끈
쌍방울,"쌍방울, 주가 약세 보여…쌍용차 인수자금 확보 할 수 있나?"
쌍방울,[쌍용차 인수] 쌍방울-광림 주가 마감 앞두고 반전 이어갈까
쌍방울,"미래산업, 주가 내림세…KG그룹, 쌍용차 인수 파트너 늘려"
쌍방울,[오늘 주가마감 / 코스피] 거래상위 Top5- KODEX 200선물인버스2X·쌍방울·K...
쌍방울,[Who Is ?] 곽재선 KG그룹 회장
쌍방울,"쌍방울, 주가 11% 이상 하락…쌍용차 인수 '불안 불안'"
쌍방울,[주식 시황] “포기는 없다” 쌍용차 인수 관련주 쌍방울·광림 현재 주가는?
쌍방울,쌍방울 공매도 3거래일 연속 증가…쌍용차 인수전 위해 자금 마련?
쌍방울,"'쌍용 인수전' 쌍방울, KG보다 450억원 더 써냈었다"
쌍방울,"쌍방울, 주가 하락…쌍용차 인수, 지난 일이 발목 잡나?"
쌍방울,"미래산업, 주가 약세…쌍방울그룹, 쌍용차 인수자금 모을 수 있을까?"
쌍방울,"광림, 주가 하락세 마쳐…쌍용차 인수, 경쟁자 늘어나나?"
쌍방울,"쌍방울, 주가 하락…쌍용차 인수 본입찰 일주일 남아"
쌍방울,"비비안, 주가 소폭 하락…쌍방울그룹, 쌍용차 인수 해볼만 하다"
쌍방울,월 3만원 홀서빙 직원이 ‘2조원’ 거부 CEO가 된 비결은…
쌍방울,"비비안, 주가 상승…쌍용차 인수 자신감 있어"
쌍방울,"광림, 주가 보합세 기록…쌍용차 인수, 호재와 악재 겹쳐"
쌍방울,"&이번엔 다르다&···쌍용차, '토레스' 타고 부활 신호탄 쏜다"
쌍방울,"쌍방울, 장마철 속옷 키워드 '흡습속건·냉감' 제안"
쌍방울,"쌍용차 인수 임박 KG그룹, 경영 정상화 시 ‘30大 대기업’ 오를 듯"
쌍방울,"광림, 주가 하락 기록…쌍용차 인수자금 누가 투자할까?"
쌍방울,"이주의 주식시장은? 코스피 2500 무너져.. 화물연대 총파업 종료, 곡물 관련주..."
쌍방울,'토레스' 흥행 속 쌍용차 인수 일정은... KG컨소시엄이 자금원 추가 확보
쌍방울,흑역사 새로 쓰는 한화... '보살팬' 더 맥빠지는 이유
쌍방울,KG그룹이 쌍용차 부활시킬 수 있는 이유...'KG스틸'의 존재
와이투솔루션,"[특징주] 와이투솔루션 주가, 모처럼 상승폭 확대…얼마 만에 올랐나"
와이투솔루션,"와이투솔루션, 거래재개 후 처음으로 급등세 타…주가 상승 중"
와이투솔루션,"[급등주] 와이투솔루션, 상장유지 결정에 20% 강세"
와이투솔루션,[상대강도 과열종목] 강원에너지 상승...와이투솔루션ㆍ아이씨케이 하락 추세...
와이투솔루션,"와이투솔루션,주가 약세…2년 3개월 만 거래 재개"
와이투솔루션,"덕우전자, 주가하락…자회사 와이투솔루션 거래 재개"
와이투솔루션,[상대강도 과열종목] 강원에너지ㆍ유아이엘ㆍ디딤ㆍ아이씨케이 상승...와이투...
와이투솔루션,[투자심리과열 종목] 공구우먼ㆍ와이투솔루션ㆍ상지카일룸ㆍ네오위즈ㆍ글로본...
와이투솔루션,[상대강도 과열종목] 레몬ㆍ이원컴포텍ㆍ태양금속우 상승...와이투솔루션ㆍ범...
와이투솔루션,[투자심리과열 종목] 와이투솔루션ㆍ앤씨앤ㆍ선광ㆍ대성홀딩스ㆍ서울가스 매도...
와이투솔루션,[상대강도 과열종목] 범한퓨얼셀ㆍ디딤ㆍ메디콕스ㆍ아이씨케이 상승...와이투...
와이투솔루션,"이주의 주식시장은? 코스피 2500 무너져.. 화물연대 총파업 종료, 곡물 관련주..."
와이투솔루션,6월 17일 개장 전 주요공시
와이투솔루션,[오전 급등주 점검] 오르비텍 26% 급등 외...재무 상태는?
와이투솔루션,"[52주 최저가] 휴맥스홀딩스 5.4%↓, 93개 종목 장중 신저가"
삼성전자,"삼성전자-데이코, 글로벌 주택ㆍ건축박람회 '2022 PCBC' 참가"
삼성전자,"삼성전자·데이코, 2022 PCBC 참가…빌트인 가전 미래 제시"
삼성전자,"삼성전자, 1분기 파운드리 시장 역성장… TSMC와 격차 벌어져"
삼성전자,"삼성전자X넷플릭스, ‘기묘한 밤(Stranger Nights)’ 영상 공개"
삼성전자,"삼성전자, 업계 최소 ‘0.56㎛' 픽셀 2억개 탑재한 이미지센서 공개"
삼성전자,삼성전자 '3나노' 양산 시기 두고 '시끌'…&수율 안정화가 더 중요&
삼성전자,"삼성전자, ‘업계 최소’ 이미지센서 공개..“日소니 잡는다”"
삼성전자,"삼성전자, 글로벌 주택박람회서 '비스포크 키친' 선봬"
삼성전자,"삼성전자·데이코, 북미 가전시장 진격…2022 PCBC 전시회 참가"
삼성전자,"삼성전자·데이코, 2022 PCBC 참가…주거 공간 새 트렌드 제시"
삼성전자,"삼성전자·데이코, 글로벌 주택박람회서 생활가전 신제품 소개"
삼성전자,"삼성전자·데이코, 2022 PCBC서 주거 공간 새 트렌드 선봬"
삼성전자,"삼성전자, 또 52주 신저가…5만7000원선"
삼성전자,"삼성전자, '비스포크 인피니트 라인' 전담 서비스 도입"
삼성전자,"삼성전자·데이코, 글로벌 주택·건축박람회 美 '2022 PCBC' 참가"
삼성전자,"삼성전자, 업계 최소 픽셀 2억 화소 이미지센서 공개"
삼성전자,"삼성전자, 5만8000원 밑으로…52주 신저가(종합)"
삼성전자,"삼성전자, 칸 라이언즈서 '지속가능발전목표' 알린다"
삼성전자,"삼성전자, 세계 최고 권위 광고제 '2022 칸 라이언즈' 참여"
삼성전자,"삼성전자·데이코, 글로벌 주택·건축박람회 ‘PCBC 2022’ 참가"
삼성전자,삼성전자 파운드리 홀로 역성장… ‘히든카드’ 3나노 양산으로 뚫는다
삼성전자,"삼성전자·데이코, 2022 PCBC서 주거 공간의 새 트렌드 제시"
삼성전자,"'삼성전자, 너마저'…전자업계 실적 전망 줄줄이 '하향'"
삼성전자,"삼성전자·데이코, 2022 PCBC 참가해 주거 공간의 새 트렌드 제시"
삼성전자,"삼성전자·데이코, 럭셔리 빌트인 가전의 미래 제시"
삼성전자,"삼성전자, 52주 신저가 경신…한때 5만8000원선 붕괴"
삼성전자,현대차·삼성전자도 앞다퉈 도입…'디지털 쪼가리' NFT의 반전
삼성전자,"삼성전자, 업계 최소 픽셀 2억화소 이미지센서 공개"
삼성전자,경계현 삼성전자 사장 &3나노 양산 발표&…수율 논란 베일 벗을까?
삼성전자,"삼성전자·데이코, 글로벌 주택·건축박람회 참가…북미시장 공략 속도"
삼성전자,"삼성전자·데이코, 2022 PCBC 참가...주거 공간의 새 트렌드 소개"
삼성전자,"삼성전자·데이코, 2022 PCBC 참가...주거 공간 새 트렌드 제시"
삼성전자,"삼성전자, 하반기 실적 눈높이 낮춰야…목표가 8%↓-이베스트"
삼성전자,"삼성전자, 넷플릭스 ‘기묘한 이야기’ 파트너십 영상 공개"
삼성전자,"삼성전자·데이코, 美 건축박람회서 맞춤형·빌트인 가전 선봬"
삼성전자,'삼성전자와 데이코 가전 향한 관심'
삼성전자,외인이 집중 매도한 종목은 삼성전자 아닌 이 종목
삼성전자,"&고장 접수 다음날 기사 방문&…삼성전자, 인피니트 전담팀 가동"
삼성전자,"삼성전자, 칸 라이언즈서 '글로벌 지속가능발전목표' 홍보"
삼성전자,"&삼성전자, 2분기 실적 부진 예상…목표가↓&-IBK"
삼성전자,"[기업] 삼성전자, '비스포크 인피니트 라인' 전담서비스 도입"
삼성전자,"삼성전자·데이코, 빌트인 가전의 미래 제시"
삼성전자,"삼성전자-데이코, 美 PCBC 참가…밀레니얼 세대 공략"
삼성전자,"삼성전자, '비스포크 인피니트 라인' 고객 전담 서비스 도입"
삼성전자,[이슈체크] 호재공백 속 삼성전자 반등의 세가지 조건은?
삼성전자,"삼성전자·데이코, PCBC 참가해 주거 공간의 새 트렌드 제시"
삼성전자,"삼성전자, 5만7000원대로 털썩…52주 신저가 마감(종합)"
삼성전자,"삼성전자, 세계 최초 파운드리 3나노 공정 양산 돌입 예정"
삼성전자,"삼성전자, 낮아지는 실적 눈높이…목표가 12%↓-IBK"
삼성전자,1000대 상장사 작년 영업익 145조 사상 최대…삼성전자 22% '압도적'
삼성전자,"삼성전자, GAA 기반 3나노 공정 양산 내주 발표할 듯…'세계 최초'"
삼성전자,삼성전자 &예정대로 3나노 파운드리 양산&… 수율 문제 없나
삼성전자,"삼성전자, 비스포크 인피니트 라인 전담 서비스 도입"
삼성전자,TSMC보다 먼저…삼성전자 &상반기 중 3나노 양산 이상無&
삼성전자,"삼성전자, 업계 최소 픽셀 2억 화소 이미지센서 공개"
삼성전자,"삼성전자, 5만8000원선도 위태…장중 52주 신저가 경신"
삼성전자,"삼성전자·데이코, 2022 PCBC 참가…주거 공간의 트렌드 제시"
삼성전자,"삼성전자, 업계 최소 픽셀 2억 화소 이미지센서 공개…&연내 양산&"
삼성전자,"삼성전자, GAA기반 3나노 반도체공정 세계 최초로 양산"
삼성전자,"삼성전자, '비스포크 인피니트 라인' 고객 위한 전담 서비스 도입"
삼성전자,"삼성전자 차량용 픽셀LED, 대통령상 수상"
삼성전자,"삼성전자, 세계 광고 페스티벌서 글로벌 지속가능발전목표 공유"
삼성전자,'6만전자'도 멀어지나…삼성전자 또 52주 신저가
삼성전자,"삼성전자·데이코, 2022 PCBC 참가…주거 공간의 새 트렌드 제시"
삼성전자,"삼성전자, '비스포크 인피니트 라인' 고객 전담 서비스 도입"
삼성전자,"삼성전자, 바이든도 매료시킨 '3나노' 이르면 금주 첫 양산 [뒷북비즈]"
삼성전자,"&도대체 지하실이 어디냐& 삼성전자, 이번엔 5만7000원대로 '털썩'"
삼성전자,삼성전자 vs TSMC ‘운명의 3나노 전쟁’ 시작… 관건은 ‘수율 확보’
삼성전자,삼성전자-데이코 '2022 PCBC' 참가…북미 가전 시장 공략
삼성전자,LG·카카오-삼성·네이버… 연합전선 넓히는 ‘전자·빅테크’
삼성전자,"삼성전자-데이코, 글로벌 주택ㆍ건축박람회 '2022 PCBC' 참가"
삼성전자,끝 모를 하락… 삼성전자·네이버·카카오 또 신저가
삼성전자,"삼성전자, 글로벌 전략협의회 돌입…&미래를 위한 투자 지속&"
삼성전자,"삼성전자, 업계 최소 픽셀 2억 화소 이미지센서 공개"
삼성전자,"삼성전자, 넷플릭스 ‘기묘한 이야기’ 파트너십 영상 공개"
삼성전자,"삼성전자, '비스포크 인피니트 라인' 고객 위한 전담 서비스 도입"
삼성전자,"삼성전자, 2분기 시장 기대치 하회 전망…목표가↓-이베스트"
삼성전자,"삼성전자, 다음 주 중 'GAA 기반 3나노' 양산 발표…&세계 최초&"
삼성전자,"삼성전자·데이코, 2022 PCBC 참가…생활가전 신제품 선봬"
삼성전자,"삼성전자, 2분기 시장 기대치 하회 예상...목표주가 하향-이베스트"
삼성전자,삼성전자 목표가에 ‘9만전자’ 사라졌다… 증권가 줄하향
삼성전자,"삼성전자, 최소 픽셀 2억 화소 이미지센서 '아이소셀 HP3' 공개"
삼성전자,"삼성전자-글로벌 청년리더, 세계 최대 광고축제서 지속가능발전목표 소개"
삼성전자,"삼성전자·데이코, ‘2022 PCBC’ 참가…가전 미래 제시"
삼성전자,삼성전자 차량용 픽셀 LED '국제광융합 엑스포'서 대통령상
삼성전자,"삼성전자, 칸 라이언즈에서 '글로벌 지속가능발전목표' 알린다"
삼성전자,"삼성전자, 프리미엄 가전 ‘비스포크 인피니트’ 전담 서비스 도입"
삼성전자,"삼성전자, 칸 라이언즈에서 '글로벌 지속가능발전목표(Global Goals)' 알린다"
삼성전자,"세계 첫 3나노 파운드리 양산 … 삼성전자, 내주 공식 발표할듯"
삼성전자,"삼성전자·데이코, 글로벌 주택·건축박람회 '2022 PCBC' 참가"
삼성전자,"삼성전자, ‘비스포크 인피니트 라인’ 고객을 위한 전담 서비스 도입"
삼성전자,"삼성전자·데이코, 주거 공간 새 트렌드 제시한다"
삼성전자,&주거 공간 새 트렌드 제시한다& 삼성전자 2022 PCBC 참가  
삼성전자,"삼성전자, 광고 페스티벌 ‘칸 라이언즈’에서 지속가능발전목표 부스 운영"
삼성전자,"삼성전자, 갤럭시S22 울트라로 촬영한 '기묘한 이야기' 에피소드 공개"
삼성전자,"삼성전자, 업계 최소 픽셀 2억 화소 이미지센서 공개"
삼성전자,"삼성전자, 세계 최초 파운드리 3나노 공정 양산 발표한다"
삼성전자,"삼성전자, 차량용 픽셀 LED로 '대통령상' 수상"
삼성전자,"삼성전자, TSMC 따라잡을 ‘비밀 무기’…“3나노 반도체, 계획대로 이달 내 ..."
삼성전자,"삼성전자, '업계 최소 픽셀' 2억 화소 이미지센서 연내 양산"
두산에너빌리티,"두산에너빌리티, 원전 협력사 상생방안 발표"
두산에너빌리티,"尹대통령, 두산에너빌리티 원자력공장 방문"
두산에너빌리티,대통령의 달라진 원전 철학...두산에너빌리티 수주 환경 '청신호'일까
두산에너빌리티,"윤석열 대통령, 두산에너빌리티 원자력공장 방문"
두산에너빌리티,"윤석열 대통령, 두산에너빌리티 원자력공장 방문"
두산에너빌리티,"尹 대통령, 두산에너빌리티 원자력공장 방문"
두산에너빌리티,"尹대통령, 두산에너빌리티 원자력공장 찾아 간담회…대통령 첫 방문"
두산에너빌리티,"[단독] 두산에너빌리티, 풍력 에너지 브랜드평판 1위·한전·포스코홀딩스 2·..."
두산에너빌리티,"尹대통령, 두산에너빌리티 방문…원전 부활 속도낸다"
두산에너빌리티,두산에너빌리티 주가 5%↑…尹대통령 방문 소식에 강세
두산에너빌리티,[특징주] 두산에너빌리티 6% 상승…윤 대통령 방문에 투자 심리↑
두산에너빌리티,"윤석열 대통령, 두산에너빌리티 원자력공장 방문"
두산에너빌리티,"윤석열 대통령, 두산에너빌리티 원자력공장 방문"
두산에너빌리티,"윤석열 대통령, 두산에너빌리티 원자력공장 방문"
두산에너빌리티,"尹 대통령, 두산에너빌리티 원자력공장 방문… 협력업체와 간담회"
두산에너빌리티,"윤석열 대통령, 두산에너빌리티 원자력공장 방문"
두산에너빌리티,"윤 대통령, 두산에너빌리티 원자력공장 방문…원전 생태계 지원"
두산에너빌리티,尹 방문한 두산에너빌리티…원전 협력사와 상생 추진
두산에너빌리티,"尹 대통령, 원전에 힘 보태… 두산에너빌리티 원자력공장 방문"
두산에너빌리티,박지원 두산에너빌리티 회장 &신한울 3·4호기 재개시 협력사 제작 물량 조기...
두산에너빌리티,"尹대통령, 두산에너빌리티 원자력 공장서 간담회…대통령 첫 방문"
두산에너빌리티,"尹, 원전 산업 힘 싣는다…두산에너빌리티 원자력 공장 방문"
두산에너빌리티,"尹대통령, 두산에너빌리티 창원 원장력공장 방문"
두산에너빌리티,"윤석열 대통령, 두산에너빌리티 원자력공장 방문"
두산에너빌리티,"[특징주] '尹 방문' 두산에너빌리티, 6%대 급등…원전주 강세"
두산에너빌리티,"尹 대통령, 두산에너빌리티 원자력 공장 찾아"
두산에너빌리티,대통령 첫 원자력 공장 방문…두산에너빌리티 &감사&
두산에너빌리티,"[특징주] 두산에너빌리티, 尹 방문 효과로 주가 상승"
두산에너빌리티,尹대통령 역대 최초 원자력 공장 방문…두산에너빌리티 ‘원전 상생방안’ 발...
두산에너빌리티,"尹대통령, 두산에너빌리티 원자력 공장 방문…원전업계 지원 약속"
두산에너빌리티,尹대통령 방문 두산에너빌리티…협력사와 상생 추진한다
두산에너빌리티,"尹대통령, 두산에너빌리티 원자력 공장 방문…'원전 재개' 행보"
두산에너빌리티,[특징주] 두산에너빌리티 주가 하락 '尹 대통령 방문'
두산에너빌리티,"윤석열 대통령, 두산에너빌리티 방문"
두산에너빌리티,"[원전 관련주] 두산에너빌리티, 윤 정부 발언에 주가는?"
두산에너빌리티,"두산에너빌리티, 돌연 주가 '반등'…무슨일?"
두산에너빌리티,尹 &5년간 탈원전 바보짓…원전 세일즈 백방으로 뛸 것&
두산에너빌리티,"윤석열 대통령, 두산에너빌리티 원자력공장 방문…협력업체와 간담회"
두산에너빌리티,"윤석열 대통령, 두산에너빌리티 방문"
두산에너빌리티,"[특징주] 두산에너빌리티, 정부 원전 지원 기대감에 7%대↑"
두산에너빌리티,"尹, 운행 멈춘 원전 공장서 탄식…&지난 5년간 바보같은 짓&(종합)"
두산에너빌리티,"박지원 두산에너빌리티 회장, 원전 '협력사 상생' 약속"
두산에너빌리티,"윤석열 대통령, 두산에너빌리티 원자력공장 방문"
두산에너빌리티,"윤석열 두산에너빌리티 방문, 정부 원전산업 생태계 복원방안 내놔"
두산에너빌리티,"[브랜드평판] 기계 상장기업 순위, 1위 두산에너빌리티 2위 현대로템 3위 휴림..."
두산에너빌리티,두산에너빌리티 주가 상승… 윤석열 대통령 방문 효과?
두산에너빌리티,윤 대통령 &지난 5년간 바보짓 안했더라면... 탈원전 폐기한다&
두산에너빌리티,"윤석열 대통령, 두산에너빌리티 '원전공장' 방문…역대 처음"
두산에너빌리티,"윤석열 대통령, 두산에너빌리티 공장 시찰"
두산에너빌리티,"윤 대통령, 두산에너빌리티 창원 원자력 공장 방문"
두산에너빌리티,두산에너빌리티 원자력 공장 찾은 윤 대통령
두산에너빌리티,"두산, 尹 원전산업 전폭지원에도 웃지 못하는 이유"
두산에너빌리티,두산에너빌리티 원자력 공장 찾은 윤 대통령
두산에너빌리티,두산에너빌리티 단조공장 시찰하는 윤 대통령
두산에너빌리티,"윤 대통령, 두산에너빌리티 원자력공장 방문"
두산에너빌리티,[新원전 SMR]⑦ 두산에너빌리티 강홍규 &협력업체 생태계 복원 절실&
두산에너빌리티,두산에너빌리티 단조공장 시찰하는 윤 대통령
두산에너빌리티,"尹대통령, 창원 두산에너빌리티 방문"
두산에너빌리티,두산에너빌리티 원자력 공장 방문한 윤 대통령
두산에너빌리티,두산에너빌리티 단조공장 시찰하는 윤 대통령
두산에너빌리티,두산에너빌리티 공매도 47만9996건…원전 지원책 발표에도 주가 하락 왜?
두산에너빌리티,"[급등주] 두산에너빌리티, 원전 투자 계획에 강세"
두산에너빌리티,尹대통령 “文정부 5년간 탈원전 바보 짓” 직격탄
두산에너빌리티,두산에너빌리티 원자력공장 찾은 尹…국내 원전 산업 재시동 기대감 '솔솔'
두산에너빌리티,"尹 대통령, 두산에너빌리티 원자력공장 방문…'역대 대통령 중 처음'"
두산에너빌리티,"윤석열 대통령, 두산에너빌리티 원자력공장 방문"
두산에너빌리티,두산에너빌리티 원자력 공장 찾은 윤 대통령
두산에너빌리티,"尹, 역대 대통령 최초 두산에너빌리티 원자력공장 방문"
두산에너빌리티,두산에너빌리티 원자력 공장 찾은 윤 대통령
두산에너빌리티,두산에너빌리티 단조 공장 둘러보는 윤 대통령
두산에너빌리티,"윤석열 대통령, 두산에너빌리티 원자력공장 방문"
두산에너빌리티,"윤 대통령, 두산에너빌리티 원자력 공장 시찰"
두산에너빌리티,"윤석열 대통령, 두산에너빌리티 원자력공장 첫 방문…'원전 재개 본격화'"
두산에너빌리티,두산에너빌리티 원자력 공장 방문한 윤석열 대통령
두산에너빌리티,[주식시황] 원전 해체 관련주 두산에너빌리티 소폭 상승...신한울 공급 계약 ...
두산에너빌리티,"윤 대통령, 창원 두산에너빌리티 원자력 공장 방문"
두산에너빌리티,"[브랜드평판] 두산에너빌리티, 기계 상장기업 6월...1위"
두산에너빌리티,윤 대통령 '두산에너빌리티 원자력 공장 방문'
두산에너빌리티,두산에너빌리티 원자력 공장 방문한 윤석열 대통령
두산에너빌리티,두산에너빌리티 원자력 공장 방문한 윤석열 대통령
두산에너빌리티,"두산에너빌리티, 윤석열 대통령 원전 지원책에도 주가 하락"
두산에너빌리티,"윤석열 대통령, 두산에너빌리티 원자력공장 방문"
두산에너빌리티,두산에너빌리티 원자력 공장 방문한 윤석열 대통령
두산에너빌리티,"尹 대통령, 두산에너빌리티 원자력공장 방문"
두산에너빌리티,[김대호 박사의 오늘 기업·사람] 두산에너빌리티·삼성전자·필립모리스·롯...
두산에너빌리티,"윤석열 대통령, 두산에너빌리티 원자력공장 방문…역대 대통령 가운데 처음"
두산에너빌리티,"두산에너빌리티 원자력공장 찾은 尹 대통령, 현장 의견 청취"
두산에너빌리티,원전산업 힘싣는 尹... 두산에너빌리티 원자력 기기 공장 방문
두산에너빌리티,"尹 “5년 간 바보짓, ‘탈원전’ 폭탄에 업계 폐허”… 정부, 원전 산업 다시..."
두산에너빌리티,"윤석열 정부, '원전 부활' 행보 속도…두산에너빌리티 원자력공장 방문"
두산에너빌리티,"尹대통령, 두산에너빌리티 원자력공장 방문…'원전산업 탄력' 기대감"
두산에너빌리티,기계 상장기업 브랜드평판 분석결과...&두산에너빌리티 1위&
두산에너빌리티,"원전 메카 창원 찾은 尹, “지난 5년 바보 같은 짓...원전 세일즈 위해 뛰겠다..."
두산에너빌리티,역대 대통령 중 처음으로 '원자력 공장' 방문한 윤 대통령
두산에너빌리티,"윤 대통령, 창원 두산에너빌리티 원자력 공장 방문"
두산에너빌리티,"&역대 대통령 가운데 첫& 윤석열 대통령, 두산에너빌리티 원자력공장 방문"
두산에너빌리티,윤 대통령 &5년간 탈원전 바보짓... 원전 세일즈 백방 뛰겠다&
두산에너빌리티,"尹대통령 “탈원전, 5년 바보 같은 짓…우리 원전 세계최고”"
두산에너빌리티,[주식시황] 원전 관련주 두산에너빌리티 주가 3% 상승 거래량 증가...윤석열정...
두산에너빌리티,"윤석열 대통령, 두산에너빌리티 경남 창원 원자력공장 방문"
한신기계,"[특징주] 한신기계, 원전 협력사 1조원 정책 기대에 주가 급등"
한신기계,"한신기계, 상승세 지켜내…윤석열 대통령, &원전사업 바로 잡겠다&"
한신기계,정부 원전 지원 기대감에…보성파워텍·한신기계 등 원전주 급등
한신기계,"[주식 시황] 원전 관련주 한신기계 주가 강세, 정부 '원전 지원 대책' 등 발표"
한신기계,윤석열 &탈원전 바보짓& 발언에 보성파워텍·지투파워·오르비텍·한신기계 등...
한신기계,"코스피 상승 코스닥 하락 출발, 한신기계 오르비텍 보성파워텍 급등"
한신기계,"한신기계, 주가 상승…정부, 원전 수출 컨트롤 타워 만든다"
한신기계,"[브랜드평판] 두산에너빌리티, 기계 상장기업 6월...1위"
한신기계,기계 상장기업 브랜드평판 분석결과...&두산에너빌리티 1위&
한신기계,"두산에너빌리티, 기계 상장기업 브랜드평판 6월 빅데이터 분석 톱"
한신기계,"한신기계, 주가 상승세 나타내…원전 활용 늘리는 방향 변함없어"
한신기계,"[특징주] 원전주 한신기계, &3년내 일감 1조 이상&...거래량 109% 증가"
한신기계,"한신기계, 주가 약세 보여…정부, 원전으로 탄소중립 이룬다"
한신기계,"[급등주] 한신기계, 원전산업 일감 발주 소식에 7% 상승"
한신기계,"한신기계, 주가 소폭 상승…정부, 원전으로 온실가스 줄인다"
한신기계,[원전관련주] 강원에너지·지투파워·한신기계·SG&G '오름세'…조광ILI·대우...
한신기계,"한신기계, 주가 하락…정부, 신한울 3·4호기 건설을 재개 발표"
한신기계,"한신기계, 주가 약세…정부, 원전 기업에 지원 강력히 추진"
한신기계,"[브랜드평판] 기계 상장기업 순위, 1위 두산에너빌리티 2위 현대로템 3위 휴림..."
한신기계,"한신기계, 3거래일 연속 상승에 12% 급등…공매도 수량 10주 미만"
한신기계,"두산에너빌리티(두산중공업), 기계 브랜드평판 1위···현대로템 2위"
한신기계,기계 상장기업 기업평판 우수기업 2022년 6월 발표
한신기계,&5년간 바보짓…원전세일즈 백방 뛴다&…尹 발언에 원전주 급등
한신기계,[특징주] 尹대통령 적극 지원 의지에 원전주 강세
한신기계,"[ET라씨로] 원전株, 윤석열 &탈원전은 바보짓, 철철 넘치게 지원& 발언에 강세"
한신기계,윤 대통령 &탈원전 바보짓& 발언에 원전 관련주 '들썩'
한신기계,[특징주] 윤 대통령 '탈원전 폐기' 속도전에 원전 관련주 강세
한신기계,기계 상장기업 브랜드평판 1~3위는
한신기계,"尹 &5년간 바보같은 짓&…원전주, 일제히 '급등'"
한신기계,"[N2 증시 풍향계] '코스닥 상장', 위니아에이드·'코로나 치료제 승인보류', ..."
한신기계,[특징주] 윤 대통령 탈원전 정책 폐기 발언에 원전 관련주 강세
한신기계,윤 대통령 &탈원전 바보짓&에 원전관련株 '들썩'...원전산업 집중육성 기대↑
대한전선,"한기평·한신평, 대한전선 신용등급 'A-'로 상향"
대한전선,"대한전선, 한기평·한신평 신용등급 'A-'로 상향 조정"
대한전선,"대한전선, 신용등급 A-로 상향… 6년 만에 4단계↑"
대한전선,"대한전선, 신용등급 A-로 상향"
대한전선,"대한전선, 호반그룹 편입 후 신용등급 'A-'로 상향"
대한전선,"대한전선, 호반그룹 편입 후 신용등급 'A-'로 점프"
대한전선,"대한전선, 신용등급 'A-'로 상향.. &재무건전성·사업안정성 개선&"
대한전선,"대한전선, 호반그룹 편입 1년 만에 신용등급 'A-'로 상향"
대한전선,"대한전선, 한기평 신용등급 'A-'로 상향 조정"
대한전선,"대한전선, 신용등급 'A-'로 상향"
대한전선,"‘호반 편입’ 대한전선, 14년 만에 신용등급 ‘A’ 회복"
대한전선,"대한전선, 호반그룹 편입 후 신용등급 'A-'로 점프"
대한전선,"호반그룹 편입 대한전선, 신용등급 14년만에 'A'급으로 올라"
대한전선,"호반그룹 편입 1년, 대한전선 재무성과 '굿'"
대한전선,"대한전선, 신용등급 ‘A-’로 상향… ‘사업성, 수익성’ 양호"
대한전선,"대한전선, 기업신용등급 'A-안정적' 평가 받아"
대한전선,"대한전선, 주가 하락…무슨 이유 있나?"
대한전선,"[특징주] 대한전선, 기업신용등급 상향에 주가 상승"
대한전선,"대한전선 14년 만에 신용등급 A 받아, 사업안정성과 재무구조 좋아져"
대한전선,"[특징주] 대한전선 주가, 윤 정부 원전 적극 지원에 훨훨?"
대한전선,"대한전선, 신용등급 'A-'…사업성∙수익성 양호"
대한전선,"[특징주] 대한전선, 정부 &원전산업 회복 본격화한다& 주가는?"
대한전선,대한전선 공매도 '100만건 가까이 급증' 거래량 101만7621건... 주가 '한숨만...
대한전선,"대한전선, 주가 소폭 상승…산자부, 원전을 중심으로 에너지 정책 재편"
대한전선,"이화전기·보성파워텍·대한전선, 기술력 '고평가'... 주가는 '우르르쾅쾅 비..."
대한전선,"대한전선, 주가 하락 보여…반전 기회 있을까?"
대한전선,"대한전선, 신용등급 ‘A-’로 상향…14년 만에 A 등급 재부여"
대한전선,"대한전선, 주가 상승…원전으로 수출과 탄소중립 잡는다"
대한전선,대한전선 공매도 '15만건 이상 감소' 거래량 85만2951건... 공매 거래대금 '1...
대한전선,[특징주] 대한전선 하락 출발 '사우디에 공장 건설 합작'
대한전선,"대한전선, 정부 친원전 정책 본격화 훈풍…주가 상승"
대한전선,대한전선 공매도 3거래일 연속 증가… 17일 공매도 거래량 1위
대한전선,"[누리호 관련주] 대한전선, 발사대 이송 완료에 해상풍력 '부각' 주가는?"
대한전선,"[특징주] 대한전선, 사우디에 공장 짓는다...주가는?"
대한전선,"대한전선, 주가 상승…무슨 특별한 일 생겼나?"
대한전선,[원전관련주] 강원에너지·지투파워·한신기계·SG&G '오름세'…조광ILI·대우...
대한전선,"대한전선, 외인·기관 사자에 주가 '훈풍'"
대한전선,"[주식 시황] 전선 관련주 대한전선, 주가 상승세 이어가"
대한전선,"대한전선, 주가 보합세 기록…정부 원전 기업에 강력한 지원 발표"
대한전선,"대한전선, 사우디 알-오자이미 그룹과 JV 설립 계약 체결"
대한전선,"해외 공장 늘리는 K-전선, 해상풍력 바람 타고 4조원 벽 넘는다"
대한전선,대한전선 공매도 '56만건 이상 급증' 거래량 86만1511건... 공매 거래대금 '1...
대한전선,"대한전선, 사우디 알-오자이미 그룹과 JV 설립 계약 체결"
대한전선,"[공매도 TOP 10 종목] 코스피, 대한전선 공매도 1위…HMM-우리금융지주-두산에..."
대한전선,"대기업, 유동성 차입금 300조원..자동차·부품업 가장 커"
대한전선,가파른 금리인상…국내 대기업 1년 내 만기도래 차입금 300조
대한전선,"대기업, 1년 내 갚아야할 차입금 300조 '육박'"
알루코,"[급등주] 알루코, 알루미늄 가격 치솟자 주가 상승"
알루코,"알루코, 가파른 상승세로 9% 급등…공매도 수량 10주 미만"
알루코,"알루코, 3거래일 연속 상승에 5% 급등…공매도 수량 0주"
알루코,"코스피 상승 코스닥 하락 출발, 한신기계 오르비텍 보성파워텍 급등"
한창,&드론 300대 띄운다&…충북도민체전 개막 준비 한창
한창,"삼성생명, 사내 혁신활동 한창"
한창,"'셋째 임신' 장영란♥한창, 그 바쁜 와중에 임신까지..&바빠도 부끄♥&"
한창,"'45세 임신' 장영란, 바쁜 와중에 셋째 대단해…♥한창 &부끄&"
한창,‘장영란♥’ 한창 “바빠도‥부끄” 셋째 임신 비결=화끈한 부부금슬
한창,'자두와 살구 섞어 상큼달달' 진도 플럼코트 수확 한창
한창,[특징주] 한창 '투자경고' 속 주가 하락세에 반등 기회 없나
한창,문경 드라마 촬영 메카 자리매김… 지역 곳곳 영화·드라마 촬영 '한창'
한창,"예산군, '예산 1100년 기념관 건립사업' 한창...계획대로 착착!"
한창,"태안군, 맛 좋고 영양만점 '오디' 출하 한창"
한창,한강수영장 개장 준비 한창
한창,장마 앞두고 수해 대비 한창
한창,장마 앞두고 제방 보강 한창
한창,장마 앞두고 제방 보강 한창
한창,한강수영장 개장 준비 한창
한창,한강수영장 개장 준비 한창
한창,"'장영란♥' 한창, 사인 요청받는 셀럽…&대단한 사람 아냐& 겸손"
한창,[모멘트] 한강수영장 개장 준비 한창
한창,자두와 살구 섞은 '플럼코트' 아시나요…진도에서 수확 한창
한창,"장영란♥한창, 셋째 임신부터 좋은 일 가득…사인 요청에 “부끄럽습니다”"
한창,영주세계풍기인삼엑스포 D-100..막바지 준비 작업 한창
한창,"한창, 폐플라스틱 열분해 유화플랜트 설립"
한창,포도 수확 한창
한창,"&인삼, 세계 품고 미래 열자& 엑스포 막바지 준비 '한창'"
한창,누리호 마지막 점검 한창…이 시각 고흥 나로우주센터
한창,&작아서 더 맛있다& 깎아먹는 해남 애플수박 수확 한창
한창,[현장메모] ‘작은 변화가 주는 거대한 효과’ 전주성은 새 단장 ‘한창’
한창,"해남군, 애플수박 수확 한창"
한창,"한창, 폐플라스틱 열분해 유화플랜트 설립"
한창,&사과야? 수박이야?& 깎아먹는 애플수박 해남서 수확 한창
한창,"장영란♥︎한창, 45살 임신하고 좋은 일이 계속..셋째가 복덩이네!"
한창,"진도군, 자두와 살구 섞은 플럼코트 수확 한창"
한창,"한창, 6차례 밀린 BW 공모…유동성 ‘빨간불’"
한창,투자경고 종목 한창 시간외거래 하한가?
한창,'자두+살구' 진도産 플럼코트 수확 한창
한창,"장영란♥한창, 45살 셋째 임신도 기쁜데 겹경사..잘 나가는 부부"
한창,"진도군, 자두와 살구 섞은 플럼코트 수확 한창"
한창,"해남군, 해플 수박 수확 한창"
한창,무더위 속 감자 수확 한창
한창,무더위 속 감자 수확 한창
한창,무더위 속 감자 수확 한창
한창,[에듀 앤 캠퍼스] 기말시험 기간 전북지역 대학가 학사일정 마무리 한창
한창,"[오후 거래 급증주 점검] 한창산업, 거래량↑… 그 외 종목은?"
한창,"전남 해남군, 애플수박 수확 한창"
한창,"&뉘우치며 살것& 한창 뜨던 MC딩동, 음주운전·경찰위협 판결은"
한창,[화보]포항 연못서 육아수업 한창인 여름새 쇠물닭
한창,"한창, 폐플라스틱 열분해 유화플랜트 설립"
한창,은행권은 지금 AI 바람이 한창…하나은행·KB국민은행의 잇단 행보
한창,"[특징주] 한창, 폐플라스틱 열분해 유화플랜트 설립...주가는?"
한창,함안 종자전문단지 귀리 종자 생산 한창
한창,&작아서 더 맛있다& 깎아먹는 해남군 애플수박 수확 한창
한창,'공중재배로 당도높고 깨끗'해남군 애플수박 수확 한창
한창,“사과야? 수박이야?” 깎아 먹는 애플수박 해남서 수확 한창
한창,"한창 &♥장영란, 셋째에 대한 집념 통해...그게 나비효과&"
한창,[픽! 제천] '하늘뜨레 브로콜리' 출하 한창
한창,"한창, ♥장영란 셋째 집착에 진땀 빼던 과거 &생리 안 한대서 무서웠어&"
한창,"한창, 폐플라스틱 열분해 유화플랜트 설립… “연간 3000톤 해양폐기물 처리”"
한창,한창 “♥장영란 셋째 임신 집념 통해” 출퇴근·아기용품 걱정도 해결
한창,"한창, 폐플라스틱 열분해 유화플랜트 설립 “연간 3천톤 해양폐기물 처리”"
한창,"‘45살 임신’ 장영란, 알고 보니 셋째 집념 엄청났네..과거 ♥︎한창과 문자..."
한창,"한창,폐플라스틱 열분해 공장 8월 가동…연간3천톤 해양폐기물 처리"
한창,"[해남군 소식] 해남군, 애플수박 수확 한창"
한창,[주식 시황] 친환경 관련주 한창 주가 강세…연 3천톤 폐기물 처리 설비 8월 ...
한창,"김선호, 연극 복귀 준비에 한창…클라이밍 실력이 수준급이네"
한창,"한창, 주가 상승으로 마감…열분해 유화플랜트 공장, 본격 가동 눈앞"
한창,"[더벨][격전지 리모델링 시장]DL이앤씨, 연구개발 한창인데…수주 의지? '아직..."
한창,[엔지니어 NOTE] 필리핀 ‘바탄~카비테’ 초대형 해상교량…막바지 설계 한창
한창,[픽! 보령] 머드박람회 앞두고 가로변 경관 조성 한창
한창,"[오늘의 급락주] 한창·AP위성·에코캡·에이치엔티·신원우, 급락 마감"
한창,"장영란, 셋째 임신 집념 강했네..♥한창, 과거에는 걱정 많았어"
한창,아삭한 식감의 포도 수확 한창
한창,디지캡ㆍ한창산업ㆍ성보화학ㆍ우정바이오ㆍ알로이스 거래량 급증 추정 기업가...
한창,'이탈리아 정취 흠뻑'…춘천서 '챠오 이탈리아' 한창
한창,"단양공무원들, 마늘 캐기 봉사활동 '한창'"
한창,[투자경고종목] 레몬ㆍ청담글로벌 상승...공구우먼ㆍ노터스ㆍ한창ㆍ한탑 하락
한창,[사진뉴스]껍질째 먹는 포도 '홍주씨들리스' 수확 한창
한창,여름 문턱에 민속촌·공원 '북적'...수영장은 '여름나기' 준비 한창
한창,여름 문턱에 민속촌·공원 '북적'...수영장은 '여름나기' 준비 한창
한창,"'♥이규혁과 5월 결혼' 손담비, 한창 좋을 신혼…&즉석떡볶이& 두고 시선은 남..."
한창,장마철 대비 수방장비 점검 한창
한창,"청양군, 고품질 여름부추 출하 한창"
한창,&여름 휴가준비는 롯데카드로&…할인 이벤트 한창
한창,발사대 기립 작업 한창인 누리호
한창,함양 양파 수확 한창
한창,함양 양파 수확 한창
한창,함양 양파 수확 한창
한창,함양 양파 수확 한창
한창,'이탈리아 정취 흠뻑'…춘천서 '챠오 이탈리아' 한창
한창,'이탈리아 정취 흠뻑'…춘천서 '챠오 이탈리아' 한창
한창,[투자경고종목] 한탑 상승...공구우먼ㆍ노터스ㆍ청담글로벌ㆍ한창 하락
한창,[포토] 경북 의성들녘 양파 수확 한창
한창,[함양] &요즘 농촌 이렇습니다& 양파 수확 한창
한창,"함평엑스포공원 물놀이장, 3년 만에 문 연다…개장 준비 한창"
한창,함양 양파 수확 한창
한창,"인제군 스마트타운, 여름철 손님맞이 준비 한창"
한창,더보이즈 케빈 ‘한창 인형 좋아할 나이’[포토엔HD]
한창,여수시 여서동 '여름꽃' 식재 한창
한창,결혼 14년차인데 여전히 신혼처럼 꿀 떨어지는 장영란♥한창 부부
한창,한창인 대학 2학년인데… KIA 차세대 에이스는 생일을 생각할 겨를도 없었다
한창,"[더벨]'초고속 승진' 3세 김준영, 한창제지 승계 한발 앞으로"
신성이엔지,신성이엔지 주가 6%↑…상승 이유는?
신성이엔지,신성이엔지 주가 상승에 올라탈까... 새만금 수상 태양광 사업 곧 착공 매수 ...
신성이엔지,"[특징주] 신성이엔지, 9거래일만에 주가 반등…이슈가 뭐길래"
신성이엔지,"[급등주] 신성이엔지, 새만금 수상 태양광 사업 착공에 상승"
신성이엔지,"[주식 시황] 태양광 관련주 신성이엔지 주가 강세, 새만금 태양광 1단계 착공..."
신성이엔지,"신성이엔지,주가 상승…새만금 수상태양광 사업 착공 예정"
신성이엔지,"SDN‧신성이엔지, 모두 급등으로 훨훨…특히 SDN 9% 급등"
신성이엔지,"한화솔루션·신성이엔지, 모두 하락세…특히 한화솔루션 가파른 하락세로 4% ..."
신성이엔지,"SDN‧신성이엔지, 상승에 급등까지…특히 SDN 깜짝 12% 급등"
신성이엔지,"[단독] 한화솔루션, 태양광에너지 브랜드평판 1위···LG전자·한전 뒤쫓아"
팬오션,"팬오션, LNG선 1척 4천736억에 장기대선 계약"
팬오션,"팬오션, 4736억 규모 LNG선 대선계약 체결"
팬오션,"[특징주] 팬오션, 4736억 규모 LNG선 1척 장기 대선계약...주가는?"
팬오션,"해상운임 촉각 속, HMM · 대한해운 · 팬오션 '장중 강세'"
팬오션,"팬오션, 4736억원 규모 LNG선 1척 장기 대선계약 체결"
팬오션,"팬오션, 4736억 규모 LNG선 1척 장기 대선계약"
팬오션,팬오션 공매도 '20만건 이상 감소' 거래량 26만1629건... 공매 거래대금 '17억...
팬오션,"해상운임 반등에 '뱃고동'…&해운주, 3분기에 성수기 온다&"
팬오션,"팬오션, 8% 급락에 6000원선 위태…공매도 수량 26만1000주대로 줄어들어"
팬오션,[해운주] HMM 주가 하락에 팬오션도 약세 가나..배경은?
팬오션,HMM · 팬오션 · 대한해운 '장중 주가 급락'...무슨 일?
팬오션,"팬오션, 올해도 실적 호조"
팬오션,해상운임 다시 오르자…해운주도 '꿈틀'
팬오션,[유가증권시장 공시] 삼성중공업 / 팬오션 / SGC에너지
팬오션,"팬오션, 업황호조 맞물려 벌크선 확대 감가상각 부담 줄어"
팬오션,팬오션 공매도 '3일연속 증가' 거래량 59만5857건... 공매 거래대금 '16억' 규...
팬오션,"'함박웃음' 팬오션·HMM, 공매 거래량 각각 17만2267건-16만9938건... 공매는..."
팬오션,"[개장전 주요공시] 삼성중공업, 팬오션, 메디포스트 등"
팬오션,"“해운, 올해 가을 건화물선 운임 큰 폭으로 상승 전망”"
팬오션,"[공매도 TOP 10 종목] 코스피, 삼성전자 공매도 1위…팬오션-HMM-두산에너빌리..."
사조동아원,"사조동아원, 주가 상승세…러시아, 흑해 바닷길 열어줄까?"
사조동아원,"[특징주] 사조동아원, 곡물·사료 테마 강세에 주가 동반 상승"
사조동아원,[특징주] 대주산업·사조동아원 등 사료株 이틀 연속 강세
사조동아원,"사조동아원,주가 상승…유럽,우크라 곡물 수출 방안 논의"
사조동아원,사조동아원 공매도 '50건 이상 감소' 거래량 56건→5건... 주가 '콧노래 흥얼...
사조동아원,"사조동아원, 시간외 상승세 보여…곡물가격 당분간 고공행진 예상"
사조동아원,"이주의 주식시장은? 코스피 2500 무너져.. 화물연대 총파업 종료, 곡물 관련주..."
사조동아원,김인중 농식품부 차관 &곡물가 상승 업계 부담 커…재정·세재 등 지원&
사조동아원,식품 상장기업 브랜드평판 1~3위는
사조동아원,사료 관련주 기술력 고평가 종목은?... '웃음꽃 활짝' 고려산업·케이씨피드·...
삼성중공업,"삼성중공업, 3.9조원 수주…“조선 수주 신기록 썼다”"
삼성중공업,"삼성중공업, 3.9조 규모 LNG선 14척 수주…단일 계약 사상 최대"
삼성중공업,"삼성중공업, 3.9조 수주…조선 수주 '신기록' 썼다"
삼성중공업,"삼성중공업, '단일계약 최대 규모' 3조9000억 원 수주"
삼성중공업,"삼성중공업, 카타르 LNG선 대량발주에 3조9000억원 수주"
삼성중공업,"삼성중공업, 3.3조 규모 LNG운반선 12척 수주"
삼성중공업,"삼성중공업, 하루만에 LNG선 14척 수주…조선업 첫 기록 [뒷북비즈]"
삼성중공업,"삼성중공업, LNG운반선 12척 3조3310억 수주...조선업 역사 새로 썼다"
삼성중공업,"삼성중공업, LNG 운반선 3.9조 수주…조선 수주 신기록"
삼성중공업,"삼성중공업, LNG운반선 14척 계약…단일 계약 사상 최대"
삼성중공업,삼성중공업 3.9조 '잭팟'…하루만에 14척 수주
삼성중공업,"삼성중공업, 하루에 LNG운반선 14척 수주… 3.9조원 규모"
삼성중공업,삼성중공업 하루 3.9조원 수주 신기록..조선史 다시 썼다
삼성중공업,"삼성중공업, 3.9조원 규모 LNG운반선 14척 수주…단일 계약 사상 최대"
삼성중공업,"삼성중공업, 조선 수주 신기록 수립...3.9조 수주"
삼성중공업,"삼성중공업, LNG선 14척 수주…조선업 사상 최대"
삼성중공업,삼성중공업 LNG선 수주 대박.. 3조8000억원 규모
삼성중공업,"[특징주] 삼성중공업, 3조 규모 LNG 운반선 수주…4%↑"
삼성중공업,"삼성중공업, 조선업 사상 최대 규모 선박 수주"
삼성중공업,"삼성중공업, 3조9000억 규모 LNG선 14척 수주… &조선 수주 신기록&"
삼성중공업,"삼성중공업, 하루에 LNG운반선 14척 수주…총 3.9조 규모"
삼성중공업,"삼성중공업, 3.9조원 규모 LNG 운반선 14척 수주.. 신기록 썼다"
삼성중공업,"삼성중공업, 작년 매출 60% 하루에 수주"
삼성중공업,"삼성중공업, 총 3조8853억 규모 LNG선 수주 계약"
삼성중공업,"삼성중공업, 3조9000억원 수주…6개월만에 연간 목표치 70% 넘어"
삼성중공업,"삼성중공업 3조3310억 원 수주, 조선업 역사 새로 쓰다"
삼성중공업,"삼성중공업, 총 3.9조원 규모 LNG선 수주...조선 수주 신기록 썼다"
삼성중공업,"삼성중공업, 하루 만에 LNG선 14척, 3.9조원 규모 수주...조선 수주 신기록 다..."
삼성중공업,"삼성중공업, 카타르 LNG선 대량발주에 3조9천억 원 수주"
삼성중공업,"삼성중공업, 2분기 실적 부진 전망…투자의견 '중립'-KB"
삼성중공업,"삼성중공업, 하루만에 3조9000억원 수주…조선업 사상 최대"
삼성중공업,"[특징주] 삼성중공업, 조선업 사상 최대 규모 수주계약에 상승"
삼성중공업,"삼성중공업, 3조9000억원 수주…신기록 갱신"
삼성중공업,"삼성중공업, 3조9천억원 수주 '조선 수주 신기록'"
삼성중공업,'수주 홈런' 삼성중공업…韓 조선 역사 수주 새역사 썼다(종합)
삼성중공업,"삼성중공업, 3.9조 원 규모 LNG운반선 14척 수주"
삼성중공업,"삼성중공업, LNG운반선 12척 3.3조원대 수주"
삼성중공업,"삼성중공업, 조선 수주 또 '新기록'…3.3조 규모 LNC선 계약"
삼성중공업,"삼성중공업, 카타르 LNG선 잭팟…3.9조원 수주 새 역사"
삼성중공업,삼성중공업 한번에 3.3조 계약…역대 최대
삼성중공업,"삼성중공업, 원자재값·인건비 상승에도 업황은 밝다…목표가 ↑"
삼성중공업,"삼성중공업, LNG운반선 14척 사상 최대 수주…3.9조 규모"
삼성중공업,[급등주] 삼성중공업 소폭 상승 '조선업 사상 최대규모 수주'
삼성중공업,"삼성중공업, 하룻새 국내 사상최대 4조원 규모 수주 잭팟"
삼성중공업,"삼성중공업, 약 4조 원 수주...조선 수주 신기록 다시 썼다"
삼성중공업,"삼성중공업, 버뮤다 지역 선주 LNG운반선 12척등..하루에만 3조 9000억 수주"
삼성중공업,"[Biz & Now] 삼성중공업, 3조9000억원 LNG운반선 14척 수주 ‘신기록’"
삼성중공업,세계 최대 규모 선박 수주…삼성중공업 주가 상승
삼성중공업,"하룻 새 '3조9000억원' 잭팟…삼성중공업, 조선 수주 '신기록'"
삼성중공업,"'하루에만 3.9조 잭팟 수주' 삼성중공업, 조선업 수주 역사 '새로 썼다'"
삼성중공업,"[특징주] 삼성중공업, 조선업 사상 최대 수주 소식에 강세"
삼성중공업,"삼성중공업, 3.9조 규모 LNG 14척 계약…조선업 사상 최대"
삼성중공업,"삼성중공업, 상승여력 제한적…목표가는 상향 - KB"
삼성중공업,"삼성중공업, 5543억 규모 LNG선 공사 수주[주목 e공시]"
삼성중공업,"삼성중공업, LNG운반선 14척 3.9조원 수주...신기록 갱신"
삼성중공업,[특징주] 삼성중공업 주가 3% 상승…이유는?
삼성중공업,"삼성중공업, 역대 최대 규모 수주 계약 체결...목표치 70% 넘어"
삼성중공업,"삼성중공업, 3.9조원 수주...2년 연속 연간목표 달성 '靑신호'"
삼성중공업,"삼성중공업, LNG운반선 14척 약 4조원 수주...단일 계약 사상 최대 규모"
삼성중공업,"3조3310억원…삼성중공업, 조선업 수주기록 새로 썼다"
삼성중공업,"삼성중공업, 3.9조 규모 LNG선 14척 수주..&단일 계약 사상 최대&"
삼성중공업,"삼성중공업, 3.3조 규모 LNG선 12척 공사 수주"
삼성중공업,"삼성중공업, 더딘 흑자전환에도 재무건전성 개선 '속도'"
삼성중공업,"삼성중공업, 후판가 인상 따른 실적 부진 '투자의견 중립'"
삼성중공업,"[주식 시황] 삼성중공업 주가 강세, 조선업 단일 선박 최대규모 계약"
삼성중공업,"삼성중공업, 버뮤다 지역 선주로부터 LNG운반선 12척 수주...3조3310억원 규모"
삼성중공업,"삼성중공업, LNG운반선 3.3조원 수주…조선업 사상 최대 단일 계약 성사"
삼성중공업,"삼성중공업 LNG선 3조9천억 규모 수주, 단일계약 조선업 사상 최대"
삼성중공업,"삼성중공업, 하룻밤새 4조원 규모 수주 '잭팟'"
삼성중공업,"삼성중공업, 카타르발 3.9兆 일감확보...증권가 &불확실성 해소&"
삼성중공업,"삼성중공업, 국내 조선업사상 최대규모 수주 '대박'…LNG선 14척, 약 3조9000..."
삼성중공업,"삼성중공업, 5543억 규모 LNG선 공사 수주"
삼성중공업,"[특징주] 삼성중공업, 최대 규모 선박 수주 계약에 상승"
삼성중공업,"&삼성중공업, 후판 등 원자재 가격 상승…2분기 실적 부진&"
삼성중공업,[특징주] 삼성중공업 &잭팟터졌다&...3.9조원 LNG 14척 수주에 주가는?
삼성중공업,"삼성중공업, 카타르 LNG선 14척 계약…3조9천억 규모"
삼성중공업,"'법정 위증 혐의' 삼성중공업 임봉석 고문, 항소심 유죄"
삼성중공업,"삼성중공업, 5543억원 규모 LNG선 2척 수주계약"
삼성중공업,"갈 길 바쁜 삼성중공업, 2분기 실적 전망 '빨간불'"
삼성중공업,"[특징주] 삼성중공업, 밝은 미래 전망에 주가도 훨훨?"
삼성중공업,"[비즈&] 삼성중공업, 카타르 LNG선 3조9천억원 수주 外"
삼성중공업,"삼성중공업, 3조3310억원 규모 LNG선 12척 공사수주"
삼성중공업,삼성중공업 공매도 3거래일 연속 증가…3조9000억원 규모 선박 수주
삼성중공업,삼성중공업 공매도 '출렁출렁' 거래량 8만9479건... 주가 '오늘도 맑음'
삼성중공업,한국항공우주·기아·삼성중공업 외국인 순매수 '활발'…추정 기업 가치는
삼성중공업,[유가증권시장 공시] 삼성중공업 / 팬오션 / SGC에너지
삼성중공업,[삼성그룹] 시가총액 8600억 증가…삼성중공업 6.46% 상승 '미소'
삼성중공업,"[특징주] 삼성중공업, 조선업 사상 최대 '3.9조' 수주 소식에 '강세'"
삼성중공업,"대우조선 · 현대중공업 · 삼성중공업, '장중 급등'...시장 상황은?"
삼성중공업,"KB證 “삼성중공업, 실적 부진 전망”"
삼성중공업,"[동영상] 삼성중공업, 3조9000억 수주에도 주가 제자리"
삼성중공업,"삼성중공업, 3.9조원 수주…조선업 수주 신기록"
삼성중공업,"삼성중공업, LNG운반선 4조원 규모 수주 잭팟"
삼성중공업,"[더벨]삼성중공업, 부채비율 관리 숨통 트이나"
삼성중공업,"삼성중공업, 단일 선박 기준 역대 최대 수주… 하루에만 3조9000억 규모"
삼성중공업,"삼성중공업, 3조9000억 규모 LNG운반선 14척 수주…단일계약 사상 최대"
삼성중공업,"현대중공업, 한달만에 삼성중공업 기록 깼다…LNG선 최고가 수주"
삼성중공업,"[SR산업] &조선수주 신기록 썼다&…삼성중공업, 3.9조원 규모 LNG선 14척 수주..."
삼성중공업,[오늘의 주요 공시] 삼성중공업ㆍLG화학 등
삼성중공업,"[개장전 주요공시] 삼성중공업, 팬오션, 메디포스트 등"
고려산업,"고려산업, 주가 오름세 지켜내…곡물 가격 상승세 언제까지?"
고려산업,"[곡물 관련 테마주] 고려산업, 투자주의 속 주가 시황은?"
고려산업,"고려산업, 주가 강세... 계속되는 식품 부담"
고려산업,곡물·가스·원전 테마주 '씽씽'…고려산업 올 들어 216% 올라
고려산업,"[특징주] 고려산업, 지속되는 곡물가격 급등에 주가 강세"
고려산업,고려산업·신송홀딩스 주가↑…곡물 때문?
고려산업,[특징주] 고려산업 주가 21% 상승…계속되는 식품 부담
고려산업,[급등주] 고려산업 19% 강세 '수입 곡물가격 급등'
고려산업,"고려산업, 주가 하락…미국, 곡물 가격 안정에 기여"
고려산업,고려산업 주가 강세…국내 곡물·비료값도 빨간불
고려산업,"고려산업, 23% 이상 주가 상승…곡물 대장주 되나?"
고려산업,"[Hot Stock] 고려산업(002140) 주가, 식량 공급망 우려에 폭등"
고려산업,[특징주] 고려산업 주가 왜 급등했나?
고려산업,고려산업 주가 훨훨...외국인과 기관 적극 매수 아쉬워
고려산업,"[특징주] 고려산업, 러 비료 수출 절반 가까이 감소… 국제 비료가격 상승 전..."
고려산업,"[특징주] 고려산업, 주가↑...사료 관련주 곡물가격에 영향 받나?"
고려산업,고려산업 주가 화끈랠리... 당분간 식량가격 폭등전망에 매수 몰려
고려산업,"[급등주]고려산업 상승, 美 &우크라 인근 곡식저장고 만들 것&"
고려산업,[투자심리과열 종목] 고려산업ㆍ앤씨앤ㆍ네오위즈ㆍ디씨엠ㆍ아이씨케이 하락 ...
고려산업,"[특징주] 고려산업, 우크라 육로 수출 가능성에 주가 급등"
고려산업,"고려산업, 주가 급등…무슨 이유 있나?"
고려산업,[투자주의종목] 미코바이오메드 상한가...고려산업ㆍ노블엠앤비ㆍ제일연마ㆍ조...
고려산업,"[특징주] 고려산업, 러시아 비료 수출 감소 영향에 '급등'"
고려산업,사료 관련주 기술력 고평가 종목은?... '웃음꽃 활짝' 고려산업·케이씨피드·...
고려산업,"[주식 시황] 사료 곡물 관련주 고려산업 주가 강세, 세계적 식량난에 수출제한..."
고려산업,"[급등주]고려산업 주가 15% 상승세, 우크라이나 전쟁 여파"
고려산업,전쟁·이상 기후 여파에 '식량 위기' 우려↑…고려산업 주가 상승
고려산업,"[급등주]고려산업, 계속되는 곡물·사료 관련 악재에 주가 상승"
고려산업,[특징주] 고려산업 주가 13% 상승...곡물·사료 관련주 강세
고려산업,고려산업 주가 강세 들여다보니... 우크라 전쟁으로 곡물가격 상승
고려산업,"고려산업, 주가 강세 나타내…밀·콩·옥수수 선물가격 상승세 보여"
고려산업,"코스피 코스닥 동반하락 출발, 대성산업 고려산업 레몬 급등"
고려산업,"고려산업, 주가 약세 보여…푸틴, 러시아는 식량위기 책임없다"
고려산업,글로벌 곡물가격 급등 최대 식량난 직면...고려산업ㆍ케이씨피드ㆍ한일사료 등...
고려산업,"고려산업, 주가 강세…전쟁에 이상기후까지 덮친 '식량 위기'"
고려산업,곡물 관련주 고려산업 시간외매매 상한가
고려산업,"고려산업, 장초반 강세…8000원선 뚫고 고공행진"
고려산업,[오늘 주가마감 / 코스피] 거래상위 Top5- KODEX 200선물인버스2X·고려산업·...
고려산업,이격도 과열종목 레몬ㆍ씨에스베어링ㆍ고려산업ㆍ이원컴포텍ㆍKG ETS 훨훨 매...
고려산업,[사료관련주]고려산업·케이씨피드·한일사료 '상승'…팜스토리·이지홀딩스·...
고려산업,[오늘의 급등주] 레몬·씨에스베어링·압타머사이언스·큐에스아이·고려산업...
고려산업,[갭상승 종목] 하이딥ㆍ조광ILIㆍ고려산업 주가 훨훨
고려산업,갭상승 종목 하이딥ㆍ조광ILIㆍ고려산업ㆍ효성오앤비ㆍ윙입푸드 껑충
고려산업,"고려산업, 9% 급락에 8000원선 밑으로…공매도 수량 10주 미만"
고려산업,"고려산업, 6거래일만에 3% 낙폭…공매도 수량 20주 미만"
고려산업,"&화석연료 시대 끝났다&…수소 경제, 규제 개혁으로 '퀀텀점프'"
고려산업,회계사 '비싼 몸값'…빅4 신입회계사 1300명 뽑는다
고려산업,"고려산업, 4거래일 연속 상승에 10% 급등…공매도 수량 0주"
고려산업,"수소 기술, 실증하러 전국 떠돌이 &이제 규제 개혁 퀀텀점프 할 때&"
고려산업,"[주식 초고수는 지금] 엘앤에프, 호실적 전망에 매수세 집중"
고려산업,[핫스탁]범한퓨얼셀·사료주·조광ILI
고려산업,[핫스탁]범한퓨얼셀·사료주·조광ILI(종합)
고려산업,"[특징주] 사료주, 글로벌 식량 위기 우려에 강세"
고려산업,[특징주]코스피 약세에도 사료株 ‘껑충’
고려산업,"[증시 돋보기] 개인 삼성전자 LG에너지솔루션 순매수, 우량주 집중"
고려산업,"[마감종합기사] 코스피·코스닥, 연저점... 상한가 3종목 속 '폭락' 우르르"
고려산업,"[주식 초고수는 지금] 에코프로비엠, 경기침체 우려에도 탄탄한 실적 전망…매..."
고려산업,"[브랜드평판] 식품 상장기업 순위, 1위 CJ제일제당 2위 현대사료 3위 동서"
고려산업,범한퓨얼셀·사료주·조광ILI(종합)
고려산업,"[브랜드평판] CJ제일제당, 식품 상장기업 6월...1위"
고려산업,곡물값 상승에 사료株 '천정부지'
고려산업,[주식 초고수는 지금] 무상증자 소식에 '조광ILI' 매수 1위…범한퓨얼셀·삼성...
고려산업,[오늘의 장초주식] 코스피 2400선 붕괴...OCI 주목
고려산업,"CJ제일제당, 식품사 브랜드평판 1위…현대사료·동서 순"
고려산업,"CJ제일제당, 식품 상장기업 브랜드평판 6월 빅데이터 분석 1위"
고려산업,"이주의 주식시장은? 코스피 2500 무너져.. 화물연대 총파업 종료, 곡물 관련주..."
고려산업,[정종기의 AI시대 저널리즘] 산업별 가상융합(XR) 활용한 비즈니스 확산 기회...
고려산업,&곡물 재앙 현실화될까&…사료주 다시 '꿈틀'
고려산업,[김천 상공업의 어제와 오늘. 9] 공업화 과정…'전국 처음' 기업들로부터 분양...
고려산업,"고려산업, 3거래일 연속 상승에 11% 급등…공매도 수량 0주"
아남전자,"[특징주] 아남전자, 하만 사업 협력 소식에 주가 상승"
아남전자,"[급등주] 아남전자 소폭 상승 '하만, AWS와 디지털 헬스케어 사업 협력'"
아남전자,"[특징주] 아남전자, 하만 아마존웹서비스와 디지털 헬스케어 사업 협력에 강세"
아남전자,[여의도 클라쓰] 삼성전자 M&A 기대 '아남전자'ㆍ투명 LED필름 '이브이첨단소...
아남전자,[주식 초고수는 지금] 무상증자 소식에 '조광ILI' 매수 1위…범한퓨얼셀·삼성...
아남전자,"이주의 주식시장은? 코스피 2500 무너져.. 화물연대 총파업 종료, 곡물 관련주..."
아남전자,"아남전자, 가파른 상승세로 4% 상승…공매도 수량 70주 미만"
TYM,[특징주] 농기계 관련주 TYM 주가 상승세...&EU 정상회의 기대감&
TYM,&코로나 팬데믹이 브랜드 영향력도 바꿨다&
TYM,폭락도 서러운데 '강제 청산'…개미 빚투 후폭풍에 몰래 웃는 이들
TYM,신한금융투자: 한국타이어엔테크놀로지·하이트진로·TYM
TYM,"이주의 주식시장은? 코스피 2500 무너져.. 화물연대 총파업 종료, 곡물 관련주..."
TYM,"[브랜드평판] 기계 상장기업 순위, 1위 두산에너빌리티 2위 현대로템 3위 휴림..."
TYM,기계 상장기업 브랜드평판 분석결과...&두산에너빌리티 1위&
TYM,"두산에너빌리티, 기계 상장기업 브랜드평판 6월 빅데이터 분석 톱"
TYM,신한금융투자: 비에이치아이·하이트진로·원익QnC
TYM,"두산에너빌리티(두산중공업), 기계 브랜드평판 1위···현대로템 2위"
TYM,신한금융투자: 파라다이스·솔브레인·한솔케미칼
TYM,신한금융투자: 에스엠·비츠로셀·SK가스
TYM,"[마감종합기사] 코스피·코스닥, 연저점... 상한가 3종목 속 '폭락' 우르르"
TYM,기계 상장기업 기업평판 우수기업 2022년 6월 발표
TYM,UN 식량농업기구 이사회 우크라이나 재건 정책 논의…관련주는?
TYM,"[갈테마가라] 세계 식량 위기 최고조…사료주, 대세 상승 진행 중?"
TYM,신한금융투자: 에스엠·비츠로셀·골프존
TYM,[농업 관련주] 전일대비 1.16% 하락...농우바이오 2.87% 상승
HMM,HMM 실적 '피크아웃' 전망에…해운株 '우수수'
HMM,"HMM, 2분기 실적이 정점…투자의견·목표가↓-대신"
HMM,"&HMM, 2분기 정점으로 피크아웃…목표가 3만원으로 29% 하향&"
HMM,"SM그룹, HMM 지분 5.5% 확보하며 3대 주주 등극"
HMM,[특징주] HMM '2Q 실적 정점' 전망에 약세…장 초반 4.33%↓
HMM,"“고래가 새우 삼키나”…SM그룹, HMM 3대주주로"
HMM,"대신증권, HMM 투자의견·목표가 ↓…&2분기 실적이 정점&"
HMM,"'M&A 귀재' 우오현, HMM까지 넘보나…8천억 투자해 지분 5% 확보"
HMM,"HMM, 2분기 정점으로 피크아웃 예상…목표가↓-대신"
HMM,"HMM 목표주가 투자의견 하향, &2분기에 실적 정점 찍고 감소 전망&"
HMM,"&HMM, 2분기 실적이 정점…투자의견·목표가↓&-대신"
HMM,"[특징주]HMM, 경기침체발 2Q 실적 정점 전망에 약세"
HMM,"SM그룹, HMM 3대주주에 올라…8천억원 투입해 지분 5.52% 확보"
HMM,"&HMM, 2Q 정점으로 피크아웃 예상&…대신證, 투자의견·목표가 하향"
HMM,"SM그룹, HMM 3대 주주에…주식 8351억원어치 매입"
HMM,"[특징주] HMM, 선박투자 단행 소식에 4%대 상승"
HMM,"SM그룹, HMM 지분 5.52% 확보…3대 주주로"
HMM,고래 삼키려는 새우?…HMM 8350억원어치 사들인 'M&A 귀재' [김익환의 컴퍼니...
HMM,"HMM 3대 주주 올라선 SM그룹…우오현 회장, 빅픽처 있나"
HMM,"SM그룹, HMM '3대 주주' 올라…주식 8350억원치 매입"
HMM,"SM그룹, HMM 3대 주주 등극···&지분 5.52%· 8350억원 투자&"
HMM,"SM그룹, HMM `3대 주주` 등극"
HMM,"HMM, 하반기 실적 내리막…목표주가 3만원↓-대신증권"
HMM,"SM그룹, 8000억원 투입해 HMM 지분 5.5% 확보"
HMM,"HMM, 주가 상승세 지속…SM그룹, 새 주인 될까?"
HMM,"HMM 지분율 늘리는 우오현 SM그룹, M&A 포석다지기?"
HMM,[해운주] HMM 주가 하락에 팬오션도 약세 가나..배경은?
HMM,"SM그룹, HMM 지분 5.52% 확보"
HMM,"SM그룹, HMM 3대 주주 등극…지분 5.52% 8350억원에 매입"
HMM,"SM그룹, HMM '3대주주' 등극"
HMM,HMM 주가 3%↑…상승 이유는?
HMM,HMM · 팬오션 · 대한해운 '장중 주가 급락'...무슨 일?
HMM,"HMM, 주가 2일 연속 '강세'…무슨일?"
HMM,"SM그룹, 산은·해진공 이어 HMM 3대 주주로…8350억원 투입"
HMM,"[클릭 e종목]&HMM, 2Q 정점으로 피크아웃 예상&…투자의견·목표주가 ↓"
HMM,"SM그룹, HMM 3대주주 등극…8351억원들여 지분 5.5% 확보"
HMM,SM그룹의 HMM 인수? 몸값 보다 산업은행 의지가 관건
HMM,"[IB토마토]HMM 3대 주주 된 SM상선, 인수설 급부상…현실화 가능성은?"
HMM,"HMM, 주가 상승…SM그룹, 인수의지 있나?"
HMM,"HMM, 민영화 불확실성 커지나?…주가 약세 보여"
HMM,"HMM 주가 하락…SM그룹-HMM, M&A 가능성 있나?"
HMM,현대그룹빌딩 떠나는 HMM… 현대와 완전 결별
HMM,[특징주] HMM 주가 소폭 상승…SM그룹 3대 주주 되다
HMM,"SM그룹, HMM 3대주주 올라…'민영화때 우위 확보' 포석"
HMM,"HMM 주가 하락세…SM그룹, HMM 인수 염두에 둔 포석깔기?"
HMM,[주식시황] 운송 관련주 HMM 주가 3% 상승...SM그룹 인수할까 '관심'
HMM,"SM그룹, 약 8000억원 투입해 HMM 지분 5.52% 확보"
HMM,"[오늘Who] SM그룹 HMM 지분 확대, 'M&A 귀재' 우오현이 움직인다"
HMM,[김대호 박사의 오늘 기업·사람] 한화·KAI·현대중·엑슨모빌·로레알·HMM
HMM,"HMM, 선박 투자 결정 소식에 이틀 연속 상승세"
HMM,"[Biz & Now] SM그룹, HMM 3대주주에 올라"
HMM,"SM그룹, HMM '3대 주주' 올라…주식 8350억원어치 매입"
HMM,"SM그룹, HMM 3대주주로…8350억원 들여 주식 매입"
HMM,"'장사 잘한' 1000대 기업, 지난해 이익 역대 최고…한전 꼴찌"
HMM,"SM그룹, HMM 3대주주 등극… 우오현 회장 속내는?"
HMM,"SM그룹, HMM 3대 주주로 등극했다"
HMM,"[더벨]SM그룹, HMM 3대주주 등극...지분 5% 초과"
HMM,"&배를 빌리는 게 사는 것보다 2배 비싸다고?& HMM, 고가 용선계약 논란... 소..."
HMM,"해상운임 촉각 속, HMM · 대한해운 · 팬오션 '장중 강세'"
HMM,영업익 1년새 93조서 145조로...덩치 큰 1000대 상장사는 코로나 맷집 강했다
HMM,"HMM, 공매도 3거래일 연속 증가…20일 코스피 공매도 거래량 1위"
HMM,HMM M&A '물밑경쟁' 신호탄?‥'고수' SM그룹 우오현의 심상찮은 '지분 쇼핑'
HMM,"김경배 HMM 대표, 해양소년단 총재 내정"
HMM,HMM '3대주주' 오른 SM그룹..8350억 투입해 지분 5.52% 확보
HMM,"해상운임 반등에 '뱃고동'…&해운주, 3분기에 성수기 온다&"
HMM,"[ 기업공시 6월 20일]HMM, 5249억 원 컨테이너 선박 2척 신규 투자 결정 등"
HMM,"물동량에 출렁이는 해운업계…HMM, 6분기 연속 실적잔치도 '삐끗?‘"
HMM,"HMM, 5249억에 7700TEU급 컨테이너선 장기용선"
HMM,"HMM, 7700TEU 컨선 2척 5249억원에 장기 용선"
HMM,"HMM, 주가 6% 이상 빠져…해운운임 점차 감소 중"
HMM,&5척 중 4척에 스크러버&…고유가에 빛나는 HMM 경쟁력
HMM,"[자이언트 스텝에 밟힌다]HMM, 잔치 끝났다...'긴 불황'을 준비할 때"
HMM,"HMM, 5249억원 투자해 7700TEU급 컨테이너 선박 2척 확보"
HMM,"국내 매출 1000대 상장사, 지난해 영업이익 역대 최고…한전 꼴찌"
HMM,"HMM, 선대확보 위해 5249억원 대규모 신규 시설 투자 결정"
HMM,"HMM, 컨테이너당 이익 세계 1위 유지… 2분기 영업익은 감소 전망"
HMM,"[금일 증권업계 주요기사] SM그룹, HMM 3대 주주 등재...&네이버·카카오 주가..."
HMM,"[해운주] HMM 주가, 하락세 이어져..매도상위에도 '파란불'"
HMM,"HMM, 주가 급락…운임지수 하락세 지속"
HMM,"작년 삼성·SK 등 국내 상장사 역대 최고로 돈 잘 벌었네…한전, 꼴찌 불명예"
HMM,"[공공기관ESG⑤]尹대통령에 反하는 해진공, HMM 매각해 민간·시장 주도 경제..."
HMM,"HMM, 시간외 주가 소폭 상승…무슨 이유 있나?"
HMM,"SM상선, HMM 주식 5.52% 취득 공시"
HMM,"HMM, 주가 '하락'…무슨 이슈 있나"
HMM,"작년 1000대 상장사 영업익·순익 역대 최고…한전, 꼴찌 불명예"
HMM,"중단된 해운사 IPO, HMM 주가 반토막 영향에 재개 오리무중"
HMM,"HMM, 여의도 파크원으로 7월 초 이사완료...직원 늘어나도 수용 'OK'"
HMM,HMM 공매도 '40만건 이상 증가' 거래량 59만5857건... 공매 거래대금 '160억'...
HMM,"[머니있슈] HMM, 경기둔화 우려·운임 하락세로 하반기 피크아웃 전망"
HMM,"대신證 “HMM, 불확실한 컨테이너 수요에 하반기 부진…목표주가↓”"
HMM,조선·해운업도 인재 육성 나섰다…대규모 채용 ‘활발’
HMM,"[더벨]['예비' 상호출자제한기업 돋보기]'풍부한 유동성' 장금상선, 차입보다..."
HMM,"SM그룹, “HMM이 3대주주” 조선업 경쟁력 박차"
HMM,"제일기획, HMM, 대한제강 EPS 상향 조정 상위…풍산, 현대제철↑"
HMM,"'함박웃음' 팬오션·HMM, 공매 거래량 각각 17만2267건-16만9938건... 공매는..."
HMM,"HMM·대한해운, 하락에 급락까지…특히 HMM 6% 급락"
HMM,해상운임 '하락 vs 상승' 분분…확실한 건 '어닝 서프라이즈'
HMM,"HMM·대한해운, 2거래일 연속 상승…특히 HMM 3% 상승"
HMM,1000대 상장사 작년 영업익 145조 사상 최대…삼성전자 22% '압도적'
HMM,"1000대 기업, 코로나에도 장사 잘했다… 작년 영업익·순익 '역대 최고'"
성보화학,전국 장마 예보에… 성보화학 등 농업株 '껑충'
성보화학,성보화학 주가 29.94% 상한가..장마 시작 반사이익 기대
성보화학,"성보화학,주가 상한가 달성…무슨 일이길래?"
성보화학,성보화학 주가 상한가 기록…23일부터 전국에 장마온다
성보화학,[오전 급등주 점검] 성보화학 27% 급등 외...재무 상태는?
성보화학,"[특징주] 성보화학, 모처럼 주가 기지개…관련주 알아보니"
성보화학,[급등주] 성보화학 19% 강세 '이번주 장마 예보에 농업관련주 부각'
성보화학,[주식시황] 장마 관련주 성보화학 상한가에 거래량 64배 폭증...23일 전국 장...
성보화학,"[급등주] 성보화학, 여름철 해충 발생에 20% 강세"
성보화학,"개미만 사는 코스피 2300대로 하락, 성보화학 미코바이오메드 급등"
성보화학,"[특징주] 내일부터 전국 장마… 성보화학, 23%대↑"
성보화학,성보화학 &장마 고맙다&... 이번주 제주 시작 장맛비 예고
성보화학,"성보화학, 주가 고공행진…오늘부터 전국 장마 접어들어"
성보화학,성보화학 주가 갑작스런 콧노래... 너무 떨어졌나? 저가 매수 유입
성보화학,블루베리NFTㆍ진매트릭스ㆍ성보화학ㆍ미코바이오메드ㆍ녹십자엠에스 훨훨...추...
성보화학,[ET라씨로] 이번주 장마 가능성에 비료·농업株 ↑
성보화학,디지캡ㆍ한창산업ㆍ성보화학ㆍ우정바이오ㆍ알로이스 거래량 급증 추정 기업가...
성보화학,갭상승 종목 케이옥션ㆍ미코바이오메드ㆍ성보화학ㆍ진매트릭스ㆍ녹십자엠에스...
성보화학,[오늘의 급등주] 블루베리 NFT·성보화학·현대사료·진매트릭스·미코바이오...
성보화학,"'국내 첫 환자' 원숭이두창 관련주 급등, 현대사료·케이옥션·성보화학 상한..."
성보화학,"[마감종합기사] 코스피·코스닥 또 하락... 원숭이두창 관련주 대거 급등, 현..."
성보화학,"[상한가 종목] 현대사료-미코바이오메드 마감, 뒤이어 케이옥션-녹십자홀딩스..."
성보화학,[22일 특징주] 상한가 휩쓴 '원숭이두창' 관련주…미코바이오·진매트릭스·블...
성보화학,이번주부터 장마 온다… 비료·농업 관련주 상승세
성보화학,[오늘의 이슈주식] 코스피 연저점...원숭이두창 발생에 블루베리NFT 상한가
부산주공,"이주의 주식시장은? 코스피 2500 무너져.. 화물연대 총파업 종료, 곡물 관련주..."
SH에너지화학,"[특징주]SH에너지화학, 바이든 연방 가스세 일시 면제…미 천연가스 광구 보유..."
SH에너지화학,"[특징주] SH에너지화학, 천연가스 관련주 탄력받나…주가 살펴보니"
SH에너지화학,"[주식 시황] 천연가스 관련주 SH에너지화학 주가 강세 , 미국 연방 가스세 일..."
SH에너지화학,"[급등주]SH에너지화학, 미국 연방 가스세 일시 면제 소식에 상승"
SH에너지화학,[특징주] 대성에너지 주가 10% 상승...이유는?
SH에너지화학,"[특징주] SH에너지화학, 유럽 LNG 가격 폭등에 주가 반등"
SH에너지화학,'룰루랄라 콧노래' 우림피티에스·SH에너지화학... 우림피티에스·SH에너지화...
SH에너지화학,[특징주] 유럽 천연가스 가격 폭등에 관련주 동반 상승
서울식품,"서울시, '여름 식품사고 예방' 음식점 등 교육홍보 강화"
서울식품,"서울시, 여름철 식품사고 예방 음식점·어린이집 교육홍보 강화"
서울식품,"해남군-서울시농수산식품공사 등 7개 기관, 판로 확대 협약"
서울식품,"서울시, 여름철 식품사고 예방 음식점·어린이집 교육홍보 강화"
서울식품,"서울시농수산식품공사, 혁신 아이디어 공모전 개최"
서울식품,"대구시, 서울국제식품산업대전... 3개 식품기업 수상 40만불 상담실적"
서울식품,해남군-서울시농수산식품공사 등 7개 기관·단체 업무협약 체결
서울식품,"대구시, 서울국제식품전 서울푸드 어워즈에서 3개 식품기업 수상"
서울식품,"서울시농수산식품공사, 2022년 혁신 아이디어 공모전 개최"
서울식품,서울국제식품산업대전 대구 3개 기업 수상 쾌거
서울식품,"서울시농수산식품공사, 가락몰 라이브 커머스 진행"
서울식품,2022 서울국제식품전 서울푸드 어워즈에서 대구 3개 식품기업 수상
서울식품,"해남군-서울시농수산식품공사, 농산물 판로 확대 협력"
서울식품,"한국농수산식품유통공사, 식품 안전관리 강화방안 모색"
서울식품,"한국농수산식품유통공사, 식품 안전관리 강화방안 모색"
서울식품,"한국농수산식품유통공사, 식품 안전관리 강화방안 '모색'"
서울식품,"서울시농수산식품공사 강서시장, 공사·유통인 합동 소방종합훈련 실시"
서울식품,"서울시농수산식품공사, &이제 가락몰 상품을 라이브 커머스로 만나요&"
서울식품,식품 상장기업 브랜드평판 1~3위는
서울식품,대구시 '서울푸드 어워즈'서 3개 식품기업 수상
서울식품,"대구 식품업체 나은·아우노·성경순만두, 서울푸드 어워즈 선정"
서울식품,개구리 급식 논란에…교육부 &열무김치 납품업체 전수조사&
서울식품,서울시 '손씻기 체험교실' 확대…'식중독 지수' 실시간 공개
서울식품,가락시장 개장 37주년 맞아...성과와 과제?
서울식품,"가락몰 상품, 라이브 커머스로 만나요~"
서울식품,"서울시공사, 혁신 아이디어 공모전 개최"
서울식품,"강서시장, 상반기 소방종합훈련 실시"
서울식품,"가락시장, 집중호우 대비 수방훈련 실시"
서울식품,가락시장 개장 37주년 기념식 개최
서울식품,"서울시공사, 해남군 농산물 공급·유통 확대 위한 업무협약 체결"
서울식품,"[천년밥상 경기米이야기, 농쌀직썰] 제 9화 경기도 곡창지대를 가다-평택편"
서울식품,"서울시, 건강한 전국 먹거리로 밀키트 개발할 청년창업가 찾는다"
서울식품,"해남군 농산물, 서울 도매시장 집중 공략 나선다"
서울식품,"서울시, 무더위 앞두고 음식점·어린이집 식중독 예방 교육"
서울식품,가락시장 37주년 기념행사 개최
서울식품,물가 비싸서 찾는 ‘편의점 도시락’...영양 상태와 건강하게 먹는 법
서울식품,"네오크레마, 세계최대 낙농제품 생산업체에 '갈락토올리고당' 공급 가시화"
서울식품,대구 식품업체 3곳 '서울푸드 어워즈' 선정
서울식품,가락시장 개장 37주년 기념행사 개최
서울식품,단체급식에서 인기 끈 '뻥이요 마카롱'…홈플러스 입점
서울식품,"서울시, &청년창업 '밀키트', 롯데마트로 진출&"
서울식품,라이브 커머스로 만나는 '가락몰'
서울식품,"무항생제로 기른 수산물, 100%재생 쇼핑백…백화점‧마트의 ESG방식"
서울식품,해남군 농산물 판로 확대…서울 도매시장 집중 공략
서울식품,"CJ프레시웨이, 급식 인기 상품 '뻥이요 마카롱' 홈플러스 입점"
서울식품,가락시장 개장 37주년 기념행사 개최
서울식품,"서울시, 건강한 먹거리로 밀키트 개발할 청년창업가 찾는다"
서울식품,"서울시, 밀키트 개발 '청년창업가' 찾는다"
서울식품,"CJ프레시웨이, 급식 인기 ‘뻥이요 마카롱’ 홈플러스 입점"
서울식품,가락시장 개장 37주년 기념행사 열려
서울식품,"CJ프레시웨이, '뻥이요 마카롱' 대형마트서 만난다"
서울식품,"가락시장-롯데마트, 민관협력 서울청년 '밀키트 창업 인큐베이팅' 추진"
서울식품,"해남군, 서울 도매시장 ‘농산물’ 집중 공략나선다"
서울식품,"CJ프레시웨이, 급식 인기 상품 '뻥이요 마카롱' 홈플러스 입점"
서울식품,식품 상장기업 기업평판 우수기업 2022년 6월 발표
서울식품,"서울시농수산공사·해남군, 해남 농산물 유통 확대 맞손"
서울식품,"CJ프레시웨이, 급식 인기 상품 '뻥이요 마카롱' 홈플러스 입점"
서울식품,"CJ프레시웨이, 급식 인기 상품 '뻥이요 마카롱' 홈플러스 입점"
서울식품,"CJ프레시웨이, '뻥이요 마카롱' 제품 대형마트서 판매"
서울식품,"CJ프레시웨이, '뻥이요 마카롱' 홈플러스 입점"
서울식품,서울청년 밀키트 창업 아카데미 2기 모집
서울식품,"CJ프레시웨이, 급식 인기 상품 ‘뻥이요 마카롱’ 홈플러스 입점"
서울식품,"[지자체NOW]'땅끝 마을' 전남 해남 농산물, 서울 도매시장에서 만난다"
서울식품,"서울시, 건강한 전국 먹거리로 밀키트 개발할 청년창업가 찾는다"
서울식품,"서울시, 가락시장 협업으로 서울청년 밀키트 창업 인큐베이팅 추진"
서울식품,해남산 농산물 서울 도매시장 공략
서울식품,"전남 해남군 농산물, 서울 도매시장 집중 공략나선다"
서울식품,가락시장 개장 37주년 기념행사
서울식품,"CJ프레시웨이, '뻥이요 마카롱' 홈플러스 입점"
서울식품,"CJ프레시웨이, 급식용 '뻥이요 마카롱' 홈플러스 입점"
서울식품,"CJ프레시웨이, ‘뻥이요 마카롱’ 홈플러스 입점"
서울식품,"해남군 농산물, 서울 도매시장 집중 공략나선다"
서울식품,"해남군, 지역 농산물 판로 확대 업무협약 체결"
서울식품,&해남군 농산물 서울 도매시장 판로 확대&...협약 체결
서울식품,"CJ프레시웨이, '뻥이요 마카롱' 홈플러스 입점"
서울식품,"[신상품라운지]CJ프레시웨이, 급식 인기템 '뻥이요 마카롱' 판매 개시"
서울식품,CJ프레시웨이 프리미엄 디저트 '뻥이요 마카롱' 홈플러스에 입점
서울식품,"해남군 농산물, 서울 도매시장 집중 공략나선다"
서울식품,"CJ프레시웨이 뻥이요마카롱, 홈플러스에 입점"
서울식품,"CJ프레시웨이, 급식 인기 상품 '뻥이요 마카롱' B2C 마켓 진출"
서울식품,"해남군 농산물, 서울 도매시장 집중 공략나선다"
서울식품,"해남군, 서울에 농산물 판로 확대 나선다"
서울식품,"CJ프레시웨이, 급식 인기상품 '뻥이요 마카롱' 홈플러스 입점"
서울식품,"CJ프레시웨이, 급식 인기상품 '뻥이요 마카롱' 홈플러스 입점"
서울식품,"CJ프레시웨이, 급식 인기 상품 ‘뻥이요 마카롱’ 홈플러스 입점"
서울식품,CJ프레시웨이 '뻥이요 마카롱' 홈플러스 입점
서울식품,"&'뻥이요~' 마카롱으로 먹자!&…CJ프레시웨이, 홈플러스 입점"
서울식품,"CJ프레시웨이, 급식 인기 상품 '뻥이요 마카롱' 홈플러스 입점"
서울식품,"해남군 농산물, 서울 도매시장 집중 공략나선다"
서울식품,"CJ프레시웨이, '뻥이요 마카롱' 홈플러스 입점"
서울식품,"해남군 농산물, 서울 도매시장 집중 공략나선다"
서울식품,"해남군, 서울 도매시장에 농산물 공급 확대"
서울식품,"CJ프레시웨이, '뻥이요 마카롱' 홈플러스 입점"
서울식품,CJ프레시웨이 '뻥이요 마카롱' 대형마트 진출
서울식품,"CJ프레시웨이, 급식 인기 상품 '뻥이요 마카롱' 홈플러스 입점"
서울식품,CJ프레시웨이 '뻥이요 마카롱'…홈플러스 입점한다
서울식품,"CJ프레시웨이, 급식 인기 상품 '뻥이요 마카롱' 홈플러스 입점"
서울식품,CJ프레시웨이 '뻥이요 마카롱' 홈플러스 입점
서울식품,"[서울ZOOM人] 김경호 &광진구민 오세훈, 곁에 있다는 게 큰 힘&"
서울식품,"CJ프레시웨이, '뻥이요 마카롱' 홈플러스 입점"
